{
  "latencies": [
    1.6487478408962488,
    1.5771607221104205,
    1.337235261220485,
    0.8184419688768685,
    1.6841201530769467,
    1.1077198050916195,
    0.8836592501029372,
    1.2283521080389619,
    1.3250792478211224,
    1.630664539989084
  ],
  "sequence_lengths": [
    3601,
    3616,
    3604,
    3615,
    3631,
    3608,
    3707,
    3722,
    3710,
    3721
  ],
  "context_ids": [
    "sigcomm24-crux",
    "sigcomm24-crux",
    "sigcomm24-crux",
    "sigcomm24-crux",
    "sigcomm24-crux",
    "sigcomm24-crux",
    "nsdi22-paper-reda_1",
    "nsdi22-paper-reda_1",
    "nsdi22-paper-reda_1",
    "nsdi22-paper-reda_1"
  ],
  "throughputs": [
    0.6063051746145095,
    0.6196930348315673,
    0.6571746234289432,
    0.7428853273380185,
    0.7072887177009258,
    0.7337358908432672,
    0.7725118537033112,
    0.7774489599187983,
    0.7747708592334392,
    0.7548336400830012
  ],
  "request_indices": [
    0,
    1,
    2,
    3,
    4,
    5,
    6,
    7,
    8,
    9
  ]
}