{
  "latencies": [
    1.8290327470749617,
    1.5042518358677626,
    1.6178736840374768,
    1.798138379584998,
    1.8443921692669392,
    1.9778442815877497,
    2.0575013998895884,
    2.3405623990111053,
    2.2649686890654266,
    2.5022752839140594,
    2.362667551729828,
    2.589244479779154
  ],
  "sequence_lengths": [
    3601,
    3616,
    3604,
    3615,
    3631,
    3608,
    3601,
    3616,
    3604,
    3615,
    3631,
    3608
  ],
  "context_ids": [
    "sigcomm24-crux",
    "sigcomm24-crux",
    "sigcomm24-crux",
    "sigcomm24-crux",
    "sigcomm24-crux",
    "sigcomm24-crux",
    "sigcomm24-crux",
    "sigcomm24-crux",
    "sigcomm24-crux",
    "sigcomm24-crux",
    "sigcomm24-crux",
    "sigcomm24-crux"
  ],
  "throughputs": [
    0.5466684705157991,
    0.5997714055612253,
    0.6057101007763667,
    0.5924099202119527,
    0.5815801916551926,
    0.5673137355717893,
    0.5540598207250645,
    0.5342263292653325,
    0.5220342187671266,
    0.5064973318678742,
    0.4975923781283891,
    0.48590096812959904
  ],
  "request_indices": [
    0,
    1,
    2,
    3,
    4,
    5,
    6,
    7,
    8,
    9,
    10,
    11
  ]
}