{
  "latencies": [
    2.4785127569921315,
    2.830584370996803,
    2.976573179010302,
    2.978006832767278,
    2.8539813361130655,
    3.1592212677933276,
    3.8618678501807153,
    3.145666515920311,
    3.1478322413749993,
    3.3359534619376063,
    3.392153225839138
  ],
  "sequence_lengths": [
    3601,
    3616,
    3604,
    3615,
    3631,
    3608,
    3707,
    3722,
    3710,
    3721,
    3737
  ],
  "context_ids": [
    "sigcomm24-crux",
    "sigcomm24-crux",
    "sigcomm24-crux",
    "sigcomm24-crux",
    "sigcomm24-crux",
    "sigcomm24-crux",
    "nsdi22-paper-reda_1",
    "nsdi22-paper-reda_1",
    "nsdi22-paper-reda_1",
    "nsdi22-paper-reda_1",
    "nsdi22-paper-reda_1"
  ],
  "throughputs": [
    0.40343070146743293,
    0.37660368769210706,
    0.36195993397974924,
    0.3550315697236141,
    0.3540818533674855,
    0.34719983225685597,
    0.3310636739678405,
    0.32934097847894245,
    0.32799052616950697,
    0.32492701273027386,
    0.3219236013175513
  ],
  "request_indices": [
    0,
    1,
    2,
    3,
    4,
    5,
    6,
    7,
    8,
    9,
    10
  ]
}