{
  "latencies": [
    7.690018150955439,
    13.144688474014401,
    6.61087782215327,
    4.623431676067412,
    2.7980166492052376,
    2.6922924132086337,
    1.504505876917392,
    0.4687006361782551,
    1.9936672551557422,
    0.6107576708309352,
    0.7292993320152164,
    2.5186673179268837,
    1.824246280360967,
    1.0573509139940143
  ],
  "sequence_lengths": [
    91039,
    3395,
    3721,
    3037,
    3851,
    3049,
    3139,
    3399,
    3601,
    3384,
    3392,
    3048,
    3190,
    3473
  ],
  "context_ids": [
    "context",
    "sigcomm2023_janus",
    "nsdi22-paper-reda_1",
    "metron-nsdi18",
    "vllm",
    "metron-nsdi18",
    "ServerlessLLM_summary",
    "sigcomm2023_janus",
    "sigcomm24-crux",
    "osdi24-lee",
    "osdi24-lee",
    "metron-nsdi18",
    "click",
    "aplomb-sigcomm12"
  ],
  "throughputs": [
    0.1295482654469627,
    0.09585644825515914,
    0.10918515735111675,
    0.12460771579283719,
    0.14326817531307823,
    0.15960746462048372,
    0.17821678699272242,
    0.20127288434354176,
    0.21561387084592545,
    0.23611017218991856,
    0.25532254749848304,
    0.2631476024684413,
    0.2741009971019447,
    0.28874165259610435
  ],
  "request_indices": [
    0,
    1,
    2,
    3,
    4,
    5,
    7,
    8,
    9,
    10,
    11,
    12,
    13,
    14
  ]
}