{
  "latencies": [
    0.49421576829627156,
    0.8644091640599072,
    1.3534458153881133,
    2.145924505777657,
    0.7143408092670143,
    0.6720631150528789,
    1.0990017210133374,
    0.8108747131191194,
    1.2202859581448138,
    2.4454312939196825
  ],
  "sequence_lengths": [
    3601,
    3616,
    3604,
    3615,
    3631,
    3608,
    3707,
    3722,
    3710,
    3721
  ],
  "context_ids": [
    "sigcomm24-crux",
    "sigcomm24-crux",
    "sigcomm24-crux",
    "sigcomm24-crux",
    "sigcomm24-crux",
    "sigcomm24-crux",
    "nsdi22-paper-reda_1",
    "nsdi22-paper-reda_1",
    "nsdi22-paper-reda_1",
    "nsdi22-paper-reda_1"
  ],
  "throughputs": [
    2.021276318902865,
    1.4711402597598469,
    1.1052758206420727,
    0.8228646001752041,
    0.8967393721209783,
    0.9602836775512298,
    0.9527018682415167,
    0.9805426994635285,
    0.9595514303997393,
    0.8455947274357235
  ],
  "request_indices": [
    0,
    1,
    2,
    3,
    4,
    5,
    6,
    7,
    8,
    9
  ]
}