{
  "latencies": [
    1.6616796511225402,
    1.243280339986086,
    2.0292193461209536,
    3.2642147899605334,
    3.622033381834626,
    2.4236160088330507,
    2.4854002371430397,
    2.307401865720749,
    2.683123300783336,
    3.878084110096097,
    4.281245099380612,
    3.0805117688141763
  ],
  "sequence_lengths": [
    3601,
    3616,
    3604,
    3615,
    3631,
    3608,
    3601,
    3616,
    3604,
    3615,
    3631,
    3608
  ],
  "context_ids": [
    "sigcomm24-crux",
    "sigcomm24-crux",
    "sigcomm24-crux",
    "sigcomm24-crux",
    "sigcomm24-crux",
    "sigcomm24-crux",
    "sigcomm24-crux",
    "sigcomm24-crux",
    "sigcomm24-crux",
    "sigcomm24-crux",
    "sigcomm24-crux",
    "sigcomm24-crux"
  ],
  "throughputs": [
    0.6017281573733615,
    0.6882308743853095,
    0.60783575962925,
    0.4877637333944564,
    0.4228788757407355,
    0.42112189222972635,
    0.4183253696318107,
    0.4201433254535875,
    0.4142635848930669,
    0.3905683445156846,
    0.3680736433465666,
    0.3640093513710394
  ],
  "request_indices": [
    0,
    1,
    2,
    3,
    4,
    5,
    6,
    7,
    8,
    9,
    10,
    11
  ]
}