{
  "latencies": [
    2.9933602777309716,
    2.435345428995788,
    3.4860950871370733,
    4.666532502975315,
    3.7072484251111746,
    2.8727285098284483,
    3.7194652589969337,
    3.0184150473214686,
    3.564930920023471,
    5.139826000202447,
    3.363587727304548
  ],
  "sequence_lengths": [
    3601,
    3616,
    3604,
    3615,
    3631,
    3608,
    3707,
    3722,
    3710,
    3721,
    3737
  ],
  "context_ids": [
    "sigcomm24-crux",
    "sigcomm24-crux",
    "sigcomm24-crux",
    "sigcomm24-crux",
    "sigcomm24-crux",
    "sigcomm24-crux",
    "nsdi22-paper-reda_1",
    "nsdi22-paper-reda_1",
    "nsdi22-paper-reda_1",
    "nsdi22-paper-reda_1",
    "nsdi22-paper-reda_1"
  ],
  "throughputs": [
    0.33405182987242277,
    0.3683774968578421,
    0.33640056259464257,
    0.29442997672388754,
    0.28913158158029745,
    0.2975269809061913,
    0.2930527848247549,
    0.2973322022437632,
    0.29535472288485176,
    0.2808043173835187,
    0.2822254539121263
  ],
  "request_indices": [
    0,
    1,
    2,
    3,
    4,
    5,
    6,
    7,
    8,
    9,
    10
  ]
}