{
  "latencies": [
    2.6321691554039717,
    3.3360876832157373,
    2.4306152118369937,
    1.9999861461110413,
    2.069320810958743,
    1.7662575896829367,
    2.3690890837460756,
    0.7010488132946193,
    2.674722980707884,
    3.2708968110382557,
    2.3214144431985915,
    3.9308526208624244,
    4.894308520015329,
    4.0396491549909115,
    2.8430798589251935
  ],
  "sequence_lengths": [
    3732,
    3406,
    3617,
    3550,
    3547,
    3064,
    3136,
    3399,
    3725,
    3737,
    3707,
    3631,
    3859,
    3380,
    3109
  ],
  "context_ids": [
    "cacheblend",
    "sigcomm2023_janus",
    "osdi24-sun-biao",
    "SplitRPC-sigmetrics23",
    "SplitRPC-sigmetrics23",
    "metron-nsdi18",
    "ServerlessLLM_summary",
    "sigcomm2023_janus",
    "cacheblend",
    "nsdi22-paper-reda_1",
    "nsdi22-paper-reda_1",
    "sigcomm24-crux",
    "vllm",
    "osdi24-lee",
    "nsdi20-paper-barbette"
  ],
  "throughputs": [
    0.37980197578697933,
    0.33504562469038585,
    0.357132574624002,
    0.38459486443062296,
    0.4009559611530321,
    0.42144324807306766,
    0.42151159543769096,
    0.46220686542059025,
    0.45037576913931443,
    0.43002328836915094,
    0.4300857911143411,
    0.40667668040525745,
    0.37788384444999334,
    0.3641813703633718,
    0.3633136872313469
  ],
  "request_indices": [
    0,
    1,
    2,
    3,
    4,
    5,
    6,
    7,
    8,
    9,
    10,
    11,
    12,
    13,
    14
  ]
}