{
  "latencies": [
    0.8804527930915356,
    2.155372687149793,
    1.8718760758638382,
    3.166482336819172,
    0.6640496458858252,
    0.7120048739016056,
    1.113501325249672,
    0.8169942409731448,
    2.429399657063186,
    5.360410171095282
  ],
  "sequence_lengths": [
    3601,
    3616,
    3604,
    3615,
    3631,
    3608,
    3707,
    3722,
    3710,
    3721
  ],
  "context_ids": [
    "sigcomm24-crux",
    "sigcomm24-crux",
    "sigcomm24-crux",
    "sigcomm24-crux",
    "sigcomm24-crux",
    "sigcomm24-crux",
    "nsdi22-paper-reda_1",
    "nsdi22-paper-reda_1",
    "nsdi22-paper-reda_1",
    "nsdi22-paper-reda_1"
  ],
  "throughputs": [
    1.1353733020374874,
    0.6584852326471339,
    0.6109915739579324,
    0.49524031391402507,
    0.5719580901017158,
    0.634637050938062,
    0.6623528194607795,
    0.702591449462844,
    0.6514098101978472,
    0.5214491525958951
  ],
  "request_indices": [
    0,
    1,
    2,
    3,
    4,
    5,
    6,
    7,
    8,
    9
  ]
}