{
  "latencies": [
    2.113714416977018,
    1.4785102540627122,
    2.5627865330316126,
    4.46761532407254,
    4.503179093357176,
    3.131548827048391,
    2.463502525817603,
    1.8767976006492972,
    3.289141673129052,
    5.13849187688902,
    4.980226811021566,
    4.049734870437533
  ],
  "sequence_lengths": [
    3601,
    3616,
    3604,
    3615,
    3631,
    3608,
    3601,
    3616,
    3604,
    3615,
    3631,
    3608
  ],
  "context_ids": [
    "sigcomm24-crux",
    "sigcomm24-crux",
    "sigcomm24-crux",
    "sigcomm24-crux",
    "sigcomm24-crux",
    "sigcomm24-crux",
    "sigcomm24-crux",
    "sigcomm24-crux",
    "sigcomm24-crux",
    "sigcomm24-crux",
    "sigcomm24-crux",
    "sigcomm24-crux"
  ],
  "throughputs": [
    0.4730575256711539,
    0.5566772202929577,
    0.4873409561175118,
    0.376513051528863,
    0.33052117030876066,
    0.3285873160047989,
    0.33777556112893026,
    0.3539676494569967,
    0.34761917005174664,
    0.3222767433696827,
    0.30547215481875734,
    0.29955137327101045
  ],
  "request_indices": [
    0,
    1,
    2,
    3,
    4,
    5,
    6,
    7,
    8,
    9,
    10,
    11
  ]
}