{
  "latencies": [
    2.9199837278574705,
    4.314528097398579,
    4.046874972991645,
    6.020946931093931,
    5.811064900830388,
    4.6788925607688725,
    4.448172458913177,
    4.72360101994127,
    5.792259037960321,
    3.3162790457718074,
    0.5279573732987046
  ],
  "sequence_lengths": [
    3601,
    3616,
    3604,
    3615,
    3631,
    3608,
    3707,
    3722,
    3710,
    3737,
    3714
  ],
  "context_ids": [
    "sigcomm24-crux",
    "sigcomm24-crux",
    "sigcomm24-crux",
    "sigcomm24-crux",
    "sigcomm24-crux",
    "sigcomm24-crux",
    "nsdi22-paper-reda_1",
    "nsdi22-paper-reda_1",
    "nsdi22-paper-reda_1",
    "nsdi22-paper-reda_1",
    "nsdi22-paper-reda_1"
  ],
  "throughputs": [
    0.34244418682707634,
    0.2764304163063935,
    0.26588450756653054,
    0.23115520977619775,
    0.2163022748048599,
    0.21586577539308352,
    0.2170976136565753,
    0.21640632951922464,
    0.21047659205587574,
    0.216075716056843,
    0.23500073063763285
  ],
  "request_indices": [
    0,
    1,
    2,
    3,
    4,
    5,
    6,
    7,
    8,
    10,
    11
  ]
}