{
  "latencies": [
    0.8772646998986602,
    14.968307031784207,
    17.362599208950996,
    8.635444345884025,
    10.804371356964111,
    15.149190661963075,
    6.125616535078734,
    6.563649078831077,
    6.0023322203196585,
    1.7342908661812544,
    2.1928294650278986,
    2.8463483951054513,
    3.4619984729215503,
    1.5019340473227203
  ],
  "sequence_lengths": [
    3377,
    91054,
    3552,
    3707,
    3601,
    3710,
    3614,
    3859,
    3422,
    3721,
    3732,
    3615,
    3049,
    3166
  ],
  "context_ids": [
    "osdi24-lee",
    "context",
    "osdi24-agrawal",
    "nsdi22-paper-reda_1",
    "sigcomm24-crux",
    "nsdi22-paper-reda_1",
    "osdi24-sun-biao",
    "vllm",
    "sigcomm2023_janus",
    "nsdi22-paper-reda_1",
    "cacheblend",
    "sigcomm24-crux",
    "metron-nsdi18",
    "ServerlessLLM_summary"
  ],
  "throughputs": [
    1.1387103316219527,
    0.12620225526702397,
    0.0903328526507454,
    0.0955879419993031,
    0.09496496175949413,
    0.08849490435315162,
    0.09468869342689275,
    0.09939067434943075,
    0.10405451362274659,
    0.11308405202826648,
    0.12138111329641847,
    0.12838297152087297,
    0.13411268599247766,
    0.1422239273517921
  ],
  "request_indices": [
    0,
    1,
    2,
    3,
    4,
    5,
    6,
    7,
    8,
    10,
    11,
    12,
    13,
    14
  ]
}