{
  "latencies": [
    0.7083972161635756,
    0.5874765650369227,
    1.9631989751942456,
    2.165807073004544,
    2.3396830586716533,
    0.7014640066772699,
    1.9517473536543548,
    0.8199325250461698,
    3.219900316093117,
    2.7751454040408134
  ],
  "sequence_lengths": [
    3601,
    3616,
    3604,
    3615,
    3631,
    3608,
    3707,
    3722,
    3710,
    3721
  ],
  "context_ids": [
    "sigcomm24-crux",
    "sigcomm24-crux",
    "sigcomm24-crux",
    "sigcomm24-crux",
    "sigcomm24-crux",
    "sigcomm24-crux",
    "nsdi22-paper-reda_1",
    "nsdi22-paper-reda_1",
    "nsdi22-paper-reda_1",
    "nsdi22-paper-reda_1"
  ],
  "throughputs": [
    1.410677523454934,
    1.5416874188825744,
    0.9200109820087352,
    0.7370604114208845,
    0.6436984175037184,
    0.7084318391526999,
    0.6716858954217988,
    0.7116282965166822,
    0.6223000402653972,
    0.5800893306013668
  ],
  "request_indices": [
    0,
    1,
    2,
    3,
    4,
    5,
    6,
    7,
    8,
    9
  ]
}