{
  "latencies": [
    3.21879190672189,
    1.4553294871002436,
    2.8834300599992275,
    3.528893764130771,
    3.633350885938853,
    1.833914278075099,
    2.7085019829683006,
    1.905071291141212,
    3.796967406757176,
    2.479790291748941,
    4.249444218352437,
    2.5471565211191773
  ],
  "sequence_lengths": [
    3601,
    3616,
    3604,
    3615,
    3631,
    3608,
    3601,
    3616,
    3604,
    3615,
    3631,
    3608
  ],
  "context_ids": [
    "sigcomm24-crux",
    "sigcomm24-crux",
    "sigcomm24-crux",
    "sigcomm24-crux",
    "sigcomm24-crux",
    "sigcomm24-crux",
    "sigcomm24-crux",
    "sigcomm24-crux",
    "sigcomm24-crux",
    "sigcomm24-crux",
    "sigcomm24-crux",
    "sigcomm24-crux"
  ],
  "throughputs": [
    0.3106566697870808,
    0.42784000168104247,
    0.3969088899254779,
    0.36076239808840754,
    0.3396436779004889,
    0.36241618509063594,
    0.3633648762621135,
    0.37789729542813455,
    0.36046697458102306,
    0.36432889054553574,
    0.3470224288076426,
    0.3504013147200513
  ],
  "request_indices": [
    0,
    1,
    2,
    3,
    4,
    5,
    6,
    7,
    8,
    9,
    10,
    11
  ]
}