{
  "latencies": [
    2.8104873350821435,
    2.782589141279459,
    4.42610726878047,
    3.1231127493083477,
    5.090729971881956,
    2.930267828051001,
    4.664527224842459,
    2.863930445164442,
    5.747037766035646,
    5.590536140836775,
    0.2829592367634177
  ],
  "sequence_lengths": [
    3601,
    3616,
    3604,
    3615,
    3631,
    3608,
    3707,
    3722,
    3710,
    3721,
    3714
  ],
  "context_ids": [
    "sigcomm24-crux",
    "sigcomm24-crux",
    "sigcomm24-crux",
    "sigcomm24-crux",
    "sigcomm24-crux",
    "sigcomm24-crux",
    "nsdi22-paper-reda_1",
    "nsdi22-paper-reda_1",
    "nsdi22-paper-reda_1",
    "nsdi22-paper-reda_1",
    "nsdi22-paper-reda_1"
  ],
  "throughputs": [
    0.35578504506496,
    0.35749565425806,
    0.2993741292976952,
    0.3043131208743471,
    0.2741817617496575,
    0.283464179523493,
    0.2709862648866085,
    0.27878616865189515,
    0.26129548826565735,
    0.24978179175669657,
    0.2715010028490945
  ],
  "request_indices": [
    0,
    1,
    2,
    3,
    4,
    5,
    6,
    7,
    8,
    9,
    11
  ]
}