{
  "latencies": [
    0.5197407291270792,
    613.2606783108786,
    1.143748548347503,
    1.5684282989241183,
    0.5509300720877945,
    0.6363606471568346,
    3.020332239102572,
    2.974870455916971,
    2.889081910252571,
    3.6889780489727855,
    0.851305871270597,
    2.8296463480219245,
    2.8983872677199543
  ],
  "sequence_lengths": [
    3564,
    3123,
    3160,
    3615,
    3714,
    3041,
    3631,
    3406,
    3422,
    3721,
    3480,
    3150,
    3628
  ],
  "context_ids": [
    "osdi24-agrawal",
    "nsdi20-paper-barbette",
    "click",
    "sigcomm24-crux",
    "nsdi22-paper-reda_1",
    "metron-nsdi18",
    "sigcomm24-crux",
    "sigcomm2023_janus",
    "sigcomm2023_janus",
    "nsdi22-paper-reda_1",
    "aplomb-sigcomm12",
    "ServerlessLLM_summary",
    "osdi24-sun-biao"
  ],
  "throughputs": [
    1.9206500246818152,
    0.0032584852470826627,
    0.004877420933998135,
    0.006486675258470673,
    0.008101101983915589,
    0.009711303944618709,
    0.011274730594683898,
    0.012823939558209948,
    0.014360418106065434,
    0.015862640998242993,
    0.01742534830061633,
    0.018924629175103305,
    0.0204083589639756
  ],
  "request_indices": [
    0,
    1,
    3,
    4,
    5,
    6,
    7,
    8,
    9,
    10,
    11,
    12,
    13
  ]
}